year,racenumber,gp,Toro Rosso,Force India,Ferrari,Marussia,Williams,McLaren,Caterham,Mercedes,Red Bull,Renault,Sauber,team,age,driver,Track Type,p1,p2,p3,avgprac,qual,grid,avgstart,pteam,teampts,pdriver,driverpts,pit stops,dnf,points,podium,finish
2014,1,australia,0,0,1,0,0,0,0,0,0,0,0,Ferrari,32,alonso,1,1,3,3,2.333333333,5.00,5.00,5.00,12,18,10,12,2,0,1,0,4.0
2014,2,malaysia,0,0,1,0,0,0,0,0,0,0,0,Ferrari,32,alonso,1,11,5,7,7.666666667,4.00,4.00,4.00,15,12,11,12,3,0,1,0,4.0
2014,3,bahrain,0,0,1,0,0,0,0,0,0,0,0,Ferrari,32,alonso,1,3,3,7,4.333333333,10.00,9.00,9.50,13.5,3,11.5,2,3,0,1,0,9.0
2014,4,china,0,0,1,0,0,0,0,0,0,0,0,Ferrari,32,alonso,1,1,2,21,8,5.00,5.00,5.00,8.25,19,6.75,15,2,0,1,1,3.0
2014,5,spain,0,0,1,0,0,0,0,0,0,0,0,Ferrari,32,alonso,1,4,4,3,3.666666667,7.00,7.00,7.00,13.625,14,10.875,8,3,0,1,0,6.0
2014,6,monaco,0,0,1,0,0,0,0,0,0,0,0,Ferrari,32,alonso,0,4,1,5,3.333333333,5.00,5.00,5.00,13.8125,12,9.4375,12,1,0,1,0,4.0
2014,7,canada,0,0,1,0,0,0,0,0,0,0,0,Ferrari,32,alonso,0,1,5,4,3.333333333,7.00,7.00,7.00,12.90625,9,10.71875,8,2,0,1,0,6.0
2014,8,austria,0,0,1,0,0,0,0,0,0,0,0,Ferrari,32,alonso,1,3,3,6,4,4.00,4.00,4.00,10.953125,11,9.359375,10,2,0,1,0,5.0
2014,9,greatbritan,0,0,1,0,0,0,0,0,0,0,0,Ferrari,32,alonso,1,3,3,20,8.666666667,18.00,16.00,17.00,10.9765625,8,9.6796875,8,1,0,1,0,6.0
2014,10,germany,0,0,1,0,0,0,0,0,0,0,0,Ferrari,32,alonso,1,3,9,3,5,7.00,7.00,7.00,9.48828125,10,8.83984375,10,3,0,1,0,5.0
2014,11,hungary,0,0,1,0,0,0,0,0,0,0,0,Ferrari,32,alonso,1,4,4,6,4.666666667,5.00,5.00,5.00,9.744140625,26,9.419921875,18,2,0,1,1,2.0
2014,12,belgium,0,0,1,0,0,0,0,0,0,0,0,Ferrari,32,alonso,1,3,3,6,4,4.00,4.00,4.00,17.87207031,18,13.70996094,6,2,0,1,0,7.0
2014,13,italy,0,0,1,0,0,0,0,0,0,0,0,Ferrari,32,alonso,1,4,4,2,3.333333333,7.00,11.00,9.00,17.93603516,2,9.854980469,0,4,1,0,0,21.0
2014,14,singapore,0,0,1,0,0,0,0,0,0,0,0,Ferrari,32,alonso,0,1,2,1,1.333333333,5.00,5.00,5.00,9.968017578,16,4.927490234,12,3,0,1,0,4.0
2014,15,japan,0,0,1,0,0,0,0,0,0,0,0,Ferrari,32,alonso,1,3,7,3,4.333333333,5.00,5.00,5.00,12.98400879,0,8.463745117,0,6,1,0,0,22.0
2014,16,russia,0,0,1,0,0,0,0,0,0,0,0,Ferrari,32,alonso,0,4,3,8,5,8.00,7.00,7.50,6.492004395,10,4.231872559,8,1,0,1,0,6.0
2014,17,unitedstates,0,0,1,0,0,0,0,0,0,0,0,Ferrari,32,alonso,1,6,3,5,4.666666667,6.00,6.00,6.00,8.246002197,8,6.115936279,8,2,0,1,0,6.0
2014,18,brazil,0,0,1,0,0,0,0,0,0,0,0,Ferrari,32,alonso,1,4,7,8,6.333333333,8.00,8.00,8.00,8.123001099,14,7.05796814,8,3,0,1,0,6.0
2014,19,abudhabi,0,0,1,0,0,0,0,0,0,0,0,Ferrari,32,alonso,0,3,20,4,9,8.00,8.00,8.00,11.06150055,3,7.52898407,2,2,0,1,0,9.0
2014,1,australia,0,0,0,1,0,0,0,0,0,0,0,Marussia Ferrari,24,bianchi,1,16,17,14,15.66666667,18.00,18.00,18.00,0,0,0,0,4,1,0,0,17.0
2014,2,malaysia,0,0,0,1,0,0,0,0,0,0,0,Marussia Ferrari,24,bianchi,1,16,19,18,17.66666667,19.00,19.00,19.00,0,0,0,0,5,1,0,0,18.0
2014,3,bahrain,0,0,0,1,0,0,0,0,0,0,0,Marussia Ferrari,24,bianchi,1,17,19,17,17.66666667,20.00,19.00,19.50,0,0,0,0,5,0,0,0,16.0
2014,4,china,0,0,0,1,0,0,0,0,0,0,0,Marussia Ferrari,24,bianchi,1,19,19,17,18.33333333,19.00,19.00,19.00,0,0,0,0,2,0,0,0,17.0
2014,5,spain,0,0,0,1,0,0,0,0,0,0,0,Marussia Ferrari,24,bianchi,1,16,18,20,18,19.00,18.00,18.50,0,0,0,0,3,0,0,0,19.0
2014,6,monaco,0,0,0,1,0,0,0,0,0,0,0,Marussia Ferrari,24,bianchi,0,19,18,17,18,19.00,21.00,20.00,0,2,0,2,1,0,1,0,9.0
2014,7,canada,0,0,0,1,0,0,0,0,0,0,0,Marussia Ferrari,24,bianchi,0,19,22,18,19.66666667,19.00,19.00,19.00,1,0,1,0,4,1,0,0,20.0
2014,8,austria,0,0,0,1,0,0,0,0,0,0,0,Marussia Ferrari,24,bianchi,1,18,20,18,18.66666667,19.00,18.00,18.50,0.5,0,0.5,0,1,0,0,0,15.0
2014,9,greatbritan,0,0,0,1,0,0,0,0,0,0,0,Marussia Ferrari,24,bianchi,1,16,19,17,17.33333333,12.00,12.00,12.00,0.25,0,0.25,0,1,0,0,0,14.0
2014,10,germany,0,0,0,1,0,0,0,0,0,0,0,Marussia Ferrari,24,bianchi,1,17,19,17,17.66666667,18.00,17.00,17.50,0.125,0,0.125,0,2,0,0,0,15.0
2014,11,hungary,0,0,0,1,0,0,0,0,0,0,0,Marussia Ferrari,24,bianchi,1,22,20,22,21.33333333,16.00,15.00,15.50,0.0625,0,0.0625,0,3,0,0,0,15.0
2014,12,belgium,0,0,0,1,0,0,0,0,0,0,0,Marussia Ferrari,24,bianchi,1,19,16,19,18,16.00,16.00,16.00,0.03125,0,0.03125,0,2,0,0,0,18.0
2014,13,italy,0,0,0,1,0,0,0,0,0,0,0,Marussia Ferrari,24,bianchi,1,19,17,16,17.33333333,20.00,19.00,19.50,0.015625,0,0.015625,0,1,0,0,0,18.0
2014,14,singapore,0,0,0,1,0,0,0,0,0,0,0,Marussia Ferrari,24,bianchi,0,19,19,19,19,19.00,19.00,19.00,0.0078125,0,0.0078125,0,3,0,0,0,16.0
2014,15,japan,0,0,0,1,0,0,0,0,0,0,0,Marussia Ferrari,24,bianchi,1,21,20,21,20.66666667,20.00,18.00,19.00,0.00390625,0,0.00390625,0,3,0,0,0,20.0
2014,1,australia,0,0,0,0,1,0,0,0,0,0,0,Williams Mercedes,24,bottas,1,3,8,20,10.33333333,10.00,15.00,12.50,9,10,8,10,2,0,1,0,5.0
2014,2,malaysia,0,0,0,0,1,0,0,0,0,0,0,Williams Mercedes,24,bottas,1,10,9,9,9.333333333,15.00,18.00,16.50,9.5,10,9,4,3,0,1,0,8.0
2014,3,bahrain,0,0,0,0,1,0,0,0,0,0,0,Williams Mercedes,24,bottas,1,13,11,4,9.333333333,4.00,3.00,3.50,9.75,10,6.5,4,3,0,1,0,8.0
2014,4,china,0,0,0,0,1,0,0,0,0,0,0,Williams Mercedes,24,bottas,1,13,14,8,11.66666667,7.00,7.00,7.00,9.875,6,5.25,6,2,0,1,0,7.0
2014,5,spain,0,0,0,0,1,0,0,0,0,0,0,Williams Mercedes,24,bottas,1,14,14,11,13,4.00,4.00,4.00,7.9375,10,5.625,10,2,0,1,0,5.0
2014,6,monaco,0,0,0,0,1,0,0,0,0,0,0,Williams Mercedes,24,bottas,0,7,5,13,8.333333333,13.00,13.00,13.00,8.96875,6,7.8125,0,4,1,0,0,22.0
2014,7,canada,0,0,0,0,1,0,0,0,0,0,0,Williams Mercedes,24,bottas,0,5,7,7,6.333333333,4.00,4.00,4.00,7.484375,6,3.90625,6,2,0,1,0,7.0
2014,8,austria,0,0,0,0,1,0,0,0,0,0,0,Williams Mercedes,24,bottas,1,8,4,1,4.333333333,2.00,2.00,2.00,6.7421875,27,4.953125,15,2,0,1,1,3.0
2014,9,greatbritan,0,0,0,0,1,0,0,0,0,0,0,Williams Mercedes,24,bottas,1,21,6,9,12,16.00,14.00,15.00,16.87109375,18,9.9765625,18,1,0,1,1,2.0
2014,10,germany,0,0,0,0,1,0,0,0,0,0,0,Williams Mercedes,24,bottas,1,15,10,5,10,2.00,2.00,2.00,17.43554688,18,13.98828125,18,2,0,1,1,2.0
2014,11,hungary,0,0,0,0,1,0,0,0,0,0,0,Williams Mercedes,24,bottas,1,15,8,5,9.333333333,3.00,3.00,3.00,17.71777344,16,15.99414063,6,3,0,1,0,8.0
2014,12,belgium,0,0,0,0,1,0,0,0,0,0,0,Williams Mercedes,24,bottas,1,10,6,1,5.666666667,6.00,6.00,6.00,16.85888672,15,10.99707031,15,2,0,1,1,3.0
2014,13,italy,0,0,0,0,1,0,0,0,0,0,0,Williams Mercedes,24,bottas,1,12,5,3,6.666666667,3.00,3.00,3.00,15.92944336,27,12.99853516,15,1,0,1,1,3.0
2014,14,singapore,0,0,0,0,1,0,0,0,0,0,0,Williams Mercedes,24,bottas,0,15,18,8,13.66666667,8.00,8.00,8.00,21.46472168,10,13.99926758,0,2,0,0,0,11.0
2014,15,japan,0,0,0,0,1,0,0,0,0,0,0,Williams Mercedes,24,bottas,1,4,3,5,4,3.00,3.00,3.00,15.73236084,14,6.999633789,8,3,0,1,0,6.0
2014,16,russia,0,0,0,0,1,0,0,0,0,0,0,Williams Mercedes,24,bottas,0,10,5,3,6,3.00,3.00,3.00,14.86618042,15,7.499816895,15,1,0,1,1,3.0
2014,17,unitedstates,0,0,0,0,1,0,0,0,0,0,0,Williams Mercedes,24,bottas,1,8,11,4,7.666666667,3.00,3.00,3.00,14.93309021,22,11.24990845,10,2,0,1,0,5.0
2014,18,brazil,0,0,0,0,1,0,0,0,0,0,0,Williams Mercedes,24,bottas,1,12,5,4,7,4.00,4.00,4.00,18.4665451,16,10.62495422,1,3,0,1,0,10.0
2014,19,abudhabi,0,0,0,0,1,0,0,0,0,0,0,Williams Mercedes,24,bottas,0,8,5,8,7,3.00,3.00,3.00,17.23327255,33,5.812477112,15,2,0,1,1,3.0
2014,1,australia,0,0,0,0,0,1,0,0,0,0,0,McLaren Mercedes,34,button,1,2,5,2,3,11.00,10.00,10.50,12,33,6,15,2,0,1,1,3.0
2014,2,malaysia,0,0,0,0,0,1,0,0,0,0,0,McLaren Mercedes,34,button,1,4,8,21,11,10.00,10.00,10.00,22.5,10,10.5,8,3,0,1,0,6.0
2014,3,bahrain,0,0,0,0,0,1,0,0,0,0,0,McLaren Mercedes,34,button,1,5,6,6,5.666666667,7.00,6.00,6.50,16.25,0,9.25,0,2,0,0,0,17.0
2014,4,china,0,0,0,0,0,1,0,0,0,0,0,McLaren Mercedes,34,button,1,4,8,9,7,12.00,12.00,12.00,8.125,0,4.625,0,2,0,0,0,11.0
2014,5,spain,0,0,0,0,0,1,0,0,0,0,0,McLaren Mercedes,34,button,1,2,7,8,5.666666667,8.00,8.00,8.00,4.0625,0,2.3125,0,2,0,0,0,11.0
2014,6,monaco,0,0,0,0,0,1,0,0,0,0,0,McLaren Mercedes,34,button,0,11,8,12,10.33333333,12.00,12.00,12.00,2.03125,9,1.15625,8,1,0,1,0,6.0
2014,7,canada,0,0,0,0,0,1,0,0,0,0,0,McLaren Mercedes,34,button,0,7,9,16,10.66666667,9.00,9.00,9.00,5.515625,14,4.578125,12,2,0,1,0,4.0
2014,8,austria,0,0,0,0,0,1,0,0,0,0,0,McLaren Mercedes,34,button,1,5,7,22,11.33333333,12.00,11.00,11.50,9.7578125,6,8.2890625,0,2,0,0,0,11.0
2014,9,greatbritan,0,0,0,0,0,1,0,0,0,0,0,McLaren Mercedes,34,button,1,7,7,8,7.333333333,3.00,3.00,3.00,7.87890625,18,4.14453125,12,1,0,1,0,4.0
2014,10,germany,0,0,0,0,0,1,0,0,0,0,0,McLaren Mercedes,34,button,1,20,5,13,12.66666667,11.00,11.00,11.00,12.93945313,6,8.072265625,4,3,0,1,0,8.0
2014,11,hungary,0,0,0,0,0,1,0,0,0,0,0,McLaren Mercedes,34,button,1,9,9,12,10,7.00,7.00,7.00,9.469726563,1,6.036132813,1,3,0,1,0,10.0
2014,12,belgium,0,0,0,0,0,1,0,0,0,0,0,McLaren Mercedes,34,button,1,4,5,8,5.666666667,10.00,10.00,10.00,5.234863281,8,3.518066406,8,2,0,1,0,6.0
2014,13,italy,0,0,0,0,0,1,0,0,0,0,0,McLaren Mercedes,34,button,1,2,6,5,4.333333333,6.00,6.00,6.00,6.617431641,5,5.759033203,4,1,0,1,0,8.0
2014,14,singapore,0,0,0,0,0,1,0,0,0,0,0,McLaren Mercedes,34,button,0,8,7,13,9.333333333,11.00,11.00,11.00,5.80871582,1,4.879516602,0,5,1,0,0,19.0
2014,15,japan,0,0,0,0,0,1,0,0,0,0,0,McLaren Mercedes,34,button,1,8,4,10,7.333333333,8.00,8.00,8.00,3.40435791,10,2.439758301,10,3,0,1,0,5.0
2014,16,russia,0,0,0,0,0,1,0,0,0,0,0,McLaren Mercedes,34,button,0,5,6,11,7.333333333,4.00,4.00,4.00,6.702178955,22,6.21987915,12,1,0,1,0,4.0
2014,17,unitedstates,0,0,0,0,0,1,0,0,0,0,0,McLaren Mercedes,34,button,1,3,9,10,7.333333333,7.00,12.00,9.50,14.35108948,4,9.109939575,0,2,0,0,0,12.0
2014,18,brazil,0,0,0,0,0,1,0,0,0,0,0,McLaren Mercedes,34,button,1,17,16,6,13,5.00,5.00,5.00,9.175544739,14,4.554969788,12,3,0,1,0,4.0
2014,19,abudhabi,0,0,0,0,0,1,0,0,0,0,0,McLaren Mercedes,34,button,0,17,8,6,10.33333333,6.00,6.00,6.00,11.58777237,10,8.277484894,10,2,0,1,0,5.0
2014,1,australia,0,0,0,1,0,0,0,0,0,0,0,Marussia Ferrari,23,chilton,1,17,19,17,17.66666667,17.00,17.00,17.00,0,0,0,0,2,0,0,0,13.0
2014,2,malaysia,0,0,0,1,0,0,0,0,0,0,0,Marussia Ferrari,23,chilton,1,18,18,17,17.66666667,21.00,21.00,21.00,0,0,0,0,3,0,0,0,15.0
2014,3,bahrain,0,0,0,1,0,0,0,0,0,0,0,Marussia Ferrari,23,chilton,1,20,20,22,20.66666667,22.00,21.00,21.50,0,0,0,0,3,0,0,0,13.0
2014,4,china,0,0,0,1,0,0,0,0,0,0,0,Marussia Ferrari,23,chilton,1,20,20,14,18,21.00,21.00,21.00,0,0,0,0,3,0,0,0,19.0
2014,5,spain,0,0,0,1,0,0,0,0,0,0,0,Marussia Ferrari,23,chilton,1,19,19,19,19,18.00,17.00,17.50,0,0,0,0,2,0,0,0,18.0
2014,6,monaco,0,0,0,1,0,0,0,0,0,0,0,Marussia Ferrari,23,chilton,0,22,19,21,20.66666667,20.00,19.00,19.50,0,2,0,0,3,0,0,0,14.0
2014,7,canada,0,0,0,1,0,0,0,0,0,0,0,Marussia Ferrari,23,chilton,0,20,18,19,19,18.00,18.00,18.00,0,0,0,0,4,1,0,0,19.0
2014,8,austria,0,0,0,1,0,0,0,0,0,0,0,Marussia Ferrari,23,chilton,1,19,18,21,19.33333333,21.00,21.00,21.00,0,0,0,0,1,0,0,0,17.0
2014,9,greatbritan,0,0,0,1,0,0,0,0,0,0,0,Marussia Ferrari,23,chilton,1,18,21,19,19.33333333,13.00,17.00,15.00,0,0,0,0,3,0,0,0,16.0
2014,10,germany,0,0,0,1,0,0,0,0,0,0,0,Marussia Ferrari,23,chilton,1,18,21,22,20.33333333,21.00,21.00,21.00,0,0,0,0,3,0,0,0,17.0
2014,11,hungary,0,0,0,1,0,0,0,0,0,0,0,Marussia Ferrari,23,chilton,1,21,21,20,20.66666667,19.00,18.00,18.50,0,0,0,0,2,0,0,0,16.0
2014,12,belgium,0,0,0,1,0,0,0,0,0,0,0,Marussia Ferrari,23,chilton,1,20,18,20,19.33333333,19.00,19.00,19.00,0,0,0,0,2,0,0,0,16.0
2014,13,italy,0,0,0,1,0,0,0,0,0,0,0,Marussia Ferrari,23,chilton,1,18,19,20,19,21.00,20.00,20.50,0,0,0,0,4,1,0,0,22.0
2014,14,singapore,0,0,0,1,0,0,0,0,0,0,0,Marussia Ferrari,23,chilton,0,22,20,21,21,21.00,21.00,21.00,0,0,0,0,3,0,0,0,17.0
2014,15,japan,0,0,0,1,0,0,0,0,0,0,0,Marussia Ferrari,23,chilton,1,22,21,20,21,22.00,21.00,21.50,0,0,0,0,3,0,0,0,18.0
2014,16,russia,0,0,0,1,0,0,0,0,0,0,0,Marussia Ferrari,23,chilton,0,21,20,20,20.33333333,21.00,20.00,20.50,0,0,0,0,3,1,0,0,21.0
2014,1,australia,0,0,0,0,0,0,1,0,0,0,0,Caterham Renault,23,ericsson,1,18,20,19,19,20.00,19.00,19.50,0,0,0,0,4,1,0,0,15.0
2014,2,malaysia,0,0,0,0,0,0,1,0,0,0,0,Caterham Renault,23,ericsson,1,17,20,19,18.66666667,22.00,22.00,22.00,0,0,0,0,3,0,0,0,14.0
2014,3,bahrain,0,0,0,0,0,0,1,0,0,0,0,Caterham Renault,23,ericsson,1,22,22,19,21,21.00,20.00,20.50,0,0,0,0,6,1,0,0,22.0
2014,4,china,0,0,0,0,0,0,1,0,0,0,0,Caterham Renault,23,ericsson,1,21,22,18,20.33333333,20.00,20.00,20.00,0,0,0,0,3,0,0,0,20.0
2014,5,spain,0,0,0,0,0,0,1,0,0,0,0,Caterham Renault,23,ericsson,1,22,22,22,22,20.00,19.00,19.50,0,0,0,0,2,0,0,0,20.0
2014,6,monaco,0,0,0,0,0,0,1,0,0,0,0,Caterham Renault,23,ericsson,0,20,21,22,21,22.00,22.00,22.00,0,0,0,0,2,0,0,0,11.0
2014,7,canada,0,0,0,0,0,0,1,0,0,0,0,Caterham Renault,23,ericsson,0,21,21,20,20.66666667,21.00,20.00,20.50,0,0,0,0,4,1,0,0,21.0
2014,8,austria,0,0,0,0,0,0,1,0,0,0,0,Caterham Renault,23,ericsson,1,22,22,20,21.33333333,22.00,20.00,21.00,0,0,0,0,2,0,0,0,18.0
2014,9,greatbritan,0,0,0,0,0,0,1,0,0,0,0,Caterham Renault,23,ericsson,1,19,22,16,19,22.00,21.00,21.50,0,0,0,0,4,1,0,0,22.0
2014,10,germany,0,0,0,0,0,0,1,0,0,0,0,Caterham Renault,23,ericsson,1,19,20,21,20,22.00,22.00,22.00,0,0,0,0,3,0,0,0,18.0
2014,11,hungary,0,0,0,0,0,0,1,0,0,0,0,Caterham Renault,23,ericsson,1,20,22,21,21,20.00,19.00,19.50,0,0,0,0,4,1,0,0,21.0
2014,12,belgium,0,0,0,0,0,0,1,0,0,0,0,Caterham Renault,23,ericsson,1,22,19,21,20.66666667,22.00,22.00,22.00,0,0,0,0,2,0,0,0,17.0
2014,13,italy,0,0,0,0,0,0,1,0,0,0,0,Caterham Renault,23,ericsson,1,22,22,21,21.66666667,22.00,22.00,22.00,0,0,0,0,1,0,0,0,19.0
2014,14,singapore,0,0,0,0,0,0,1,0,0,0,0,Caterham Renault,23,ericsson,0,20,22,22,21.33333333,22.00,22.00,22.00,0,0,0,0,2,0,0,0,15.0
2014,15,japan,0,0,0,0,0,0,1,0,0,0,0,Caterham Renault,23,ericsson,1,19,19,19,19,19.00,17.00,18.00,0,0,0,0,4,0,0,0,17.0
2014,16,russia,0,0,0,0,0,0,1,0,0,0,0,Caterham Renault,23,ericsson,0,20,19,18,19,17.00,16.00,16.50,0,0,0,0,2,0,0,0,19.0
2014,19,abudhabi,0,0,0,0,0,0,1,0,0,0,0,Caterham Renault,23,ericsson,0,20,19,20,19.66666667,18.00,17.00,17.50,0,0,0,0,2,0,0,0,17.0
2014,1,australia,0,0,0,0,0,0,0,0,0,1,0,Lotus Renault,28,grosjean,1,22,18,22,20.66666667,21.00,22.00,21.50,0,0,0,0,4,1,0,0,22.0
2014,2,malaysia,0,0,0,0,0,0,0,0,0,1,0,Lotus Renault,28,grosjean,1,22,17,15,18,16.00,15.00,15.50,0,0,0,0,3,0,0,0,11.0
2014,3,bahrain,0,0,0,0,0,0,0,0,0,1,0,Lotus Renault,28,grosjean,1,19,18,20,19,16.00,16.00,16.00,0,0,0,0,3,0,0,0,12.0
2014,4,china,0,0,0,0,0,0,0,0,0,1,0,Lotus Renault,28,grosjean,1,12,9,3,8,10.00,10.00,10.00,0,0,0,0,4,1,0,0,21.0
2014,5,spain,0,0,0,0,0,0,0,0,0,1,0,Lotus Renault,28,grosjean,1,17,17,5,13,5.00,5.00,5.00,0,4,0,4,2,0,1,0,8.0
2014,6,monaco,0,0,0,0,0,0,0,0,0,1,0,Lotus Renault,28,grosjean,0,13,16,16,15,14.00,14.00,14.00,2,6,2,6,2,0,1,0,8.0
2014,7,canada,0,0,0,0,0,0,0,0,0,1,0,Lotus Renault,28,grosjean,0,14,11,13,12.66666667,14.00,14.00,14.00,4,0,4,0,4,1,0,0,17.0
2014,8,austria,0,0,0,0,0,0,0,0,0,1,0,Lotus Renault,28,grosjean,1,16,19,14,16.33333333,16.00,22.00,19.00,2,0,2,0,2,0,0,0,14.0
2014,9,greatbritan,0,0,0,0,0,0,0,0,0,1,0,Lotus Renault,28,grosjean,1,12,15,4,10.33333333,11.00,11.00,11.00,1,0,1,0,1,0,0,0,12.0
2014,10,germany,0,0,0,0,0,0,0,0,0,1,0,Lotus Renault,28,grosjean,1,4,16,16,12,15.00,14.00,14.50,0.5,0,0.5,0,4,1,0,0,22.0
2014,11,hungary,0,0,0,0,0,0,0,0,0,1,0,Lotus Renault,28,grosjean,1,17,17,14,16,15.00,14.00,14.50,0.25,0,0.25,0,4,1,0,0,19.0
2014,12,belgium,0,0,0,0,0,0,0,0,0,1,0,Lotus Renault,28,grosjean,1,13,14,16,14.33333333,15.00,15.00,15.00,0.125,0,0.125,0,4,1,0,0,21.0
2014,13,italy,0,0,0,0,0,0,0,0,0,1,0,Lotus Renault,28,grosjean,1,20,20,19,19.66666667,18.00,17.00,17.50,0.0625,0,0.0625,0,1,0,0,0,16.0
2014,14,singapore,0,0,0,0,0,0,0,0,0,1,0,Lotus Renault,28,grosjean,0,18,12,17,15.66666667,16.00,16.00,16.00,0.03125,0,0.03125,0,3,0,0,0,12.0
2014,15,japan,0,0,0,0,0,0,0,0,0,1,0,Lotus Renault,28,grosjean,1,15,13,16,14.66666667,18.00,16.00,17.00,0.015625,0,0.015625,0,5,0,0,0,15.0
2014,16,russia,0,0,0,0,0,0,0,0,0,1,0,Lotus Renault,28,grosjean,0,18,16,16,16.66666667,16.00,15.00,15.50,0.0078125,0,0.0078125,0,1,0,0,0,17.0
2014,17,unitedstates,0,0,0,0,0,0,0,0,0,1,0,Lotus Renault,28,grosjean,1,18,12,13,14.33333333,18.00,16.00,17.00,0.00390625,2,0.00390625,0,2,0,0,0,11.0
2014,18,brazil,0,0,0,0,0,0,0,0,0,1,0,Lotus Renault,28,grosjean,1,15,12,14,13.66666667,15.00,14.00,14.50,1.001953125,0,0.001953125,0,3,0,0,0,17.0
2014,19,abudhabi,0,0,0,0,0,0,0,0,0,1,0,Lotus Renault,28,grosjean,0,16,17,17,16.66666667,14.00,18.00,16.00,0.500976563,0,0.000976563,0,3,0,0,0,13.0
2014,1,australia,0,0,0,0,0,0,0,0,0,0,1,Sauber Ferrari,22,gutierrez,1,14,15,21,16.66666667,19.00,20.00,19.50,0,0,0,0,2,0,0,0,12.0
2014,2,malaysia,0,0,0,0,0,0,0,0,0,0,1,Sauber Ferrari,22,gutierrez,1,15,15,14,14.66666667,12.00,12.00,12.00,0,0,0,0,5,1,0,0,20.0
2014,3,bahrain,0,0,0,0,0,0,0,0,0,0,1,Sauber Ferrari,22,gutierrez,1,18,16,14,16,15.00,15.00,15.00,0,0,0,0,6,1,0,0,20.0
2014,4,china,0,0,0,0,0,0,0,0,0,0,1,Sauber Ferrari,22,gutierrez,1,18,16,15,16.33333333,17.00,17.00,17.00,0,0,0,0,3,0,0,0,16.0
2014,5,spain,0,0,0,0,0,0,0,0,0,0,1,Sauber Ferrari,22,gutierrez,1,15,15,18,16,14.00,13.00,13.50,0,0,0,0,3,0,0,0,16.0
2014,6,monaco,0,0,0,0,0,0,0,0,0,0,1,Sauber Ferrari,22,gutierrez,0,12,15,19,15.33333333,17.00,17.00,17.00,0,0,0,0,4,1,0,0,18.0
2014,7,canada,0,0,0,0,0,0,0,0,0,0,1,Sauber Ferrari,22,gutierrez,0,18,17,22,19,22.00,22.00,22.00,0,0,0,0,3,0,0,0,14.0
2014,8,austria,0,0,0,0,0,0,0,0,0,0,1,Sauber Ferrari,22,gutierrez,1,14,14,17,15,18.00,17.00,17.50,0,0,0,0,3,0,0,0,19.0
2014,9,greatbritan,0,0,0,0,0,0,0,0,0,0,1,Sauber Ferrari,22,gutierrez,1,13,13,12,12.66666667,14.00,19.00,16.50,0,0,0,0,4,1,0,0,20.0
2014,10,germany,0,0,0,0,0,0,0,0,0,0,1,Sauber Ferrari,22,gutierrez,1,16,18,15,16.33333333,14.00,16.00,15.00,0,0,0,0,3,0,0,0,14.0
2014,11,hungary,0,0,0,0,0,0,0,0,0,0,1,Sauber Ferrari,22,gutierrez,1,11,18,16,15,14.00,13.00,13.50,0,0,0,0,4,1,0,0,20.0
2014,12,belgium,0,0,0,0,0,0,0,0,0,0,1,Sauber Ferrari,22,gutierrez,1,17,17,18,17.33333333,20.00,20.00,20.00,0,0,0,0,2,0,0,0,15.0
2014,13,italy,0,0,0,0,0,0,0,0,0,0,1,Sauber Ferrari,22,gutierrez,1,15,14,12,13.66666667,16.00,15.00,15.50,0,0,0,0,3,0,0,0,20.0
2014,14,singapore,0,0,0,0,0,0,0,0,0,0,1,Sauber Ferrari,22,gutierrez,0,16,16,10,14,14.00,14.00,14.00,0,0,0,0,5,1,0,0,21.0
2014,15,japan,0,0,0,0,0,0,0,0,0,0,1,Sauber Ferrari,22,gutierrez,1,18,18,14,16.66666667,16.00,15.00,15.50,0,0,0,0,3,0,0,0,13.0
2014,16,russia,0,0,0,0,0,0,0,0,0,0,1,Sauber Ferrari,22,gutierrez,0,17,18,15,16.66666667,14.00,13.00,13.50,0,0,0,0,1,0,0,0,15.0
2014,17,unitedstates,0,0,0,0,0,0,0,0,0,0,1,Sauber Ferrari,22,gutierrez,1,16,17,16,16.33333333,16.00,15.00,15.50,0,0,0,0,3,0,0,0,14.0
2014,18,brazil,0,0,0,0,0,0,0,0,0,0,1,Sauber Ferrari,22,gutierrez,1,18,14,16,16,11.00,11.00,11.00,0,0,0,0,3,0,0,0,14.0
2014,19,abudhabi,0,0,0,0,0,0,0,0,0,0,1,Sauber Ferrari,22,gutierrez,0,14,15,15,14.66666667,15.00,14.00,14.50,0,0,0,0,2,0,0,0,15.0
2014,1,australia,0,0,0,0,0,0,0,1,0,0,0,Mercedes,29,hamilton,1,19,1,4,8,1.00,1.00,1.00,18,25,15,0,4,1,0,0,18.0
2014,2,malaysia,0,0,0,0,0,0,0,1,0,0,0,Mercedes,29,hamilton,1,1,4,2,2.333333333,1.00,1.00,1.00,21.5,43,7.5,25,3,0,1,1,1.0
2014,3,bahrain,0,0,0,0,0,0,0,1,0,0,0,Mercedes,29,hamilton,1,1,1,1,1,2.00,2.00,2.00,32.25,43,16.25,25,2,0,1,1,1.0
2014,4,china,0,0,0,0,0,0,0,1,0,0,0,Mercedes,29,hamilton,1,8,1,22,10.33333333,1.00,1.00,1.00,37.625,43,20.625,25,2,0,1,1,1.0
2014,5,spain,0,0,0,0,0,0,0,1,0,0,0,Mercedes,29,hamilton,1,1,1,2,1.333333333,1.00,1.00,1.00,40.3125,43,22.8125,25,2,0,1,1,1.0
2014,6,monaco,0,0,0,0,0,0,0,1,0,0,0,Mercedes,29,hamilton,0,1,2,1,1.333333333,2.00,2.00,2.00,41.65625,43,23.90625,18,1,0,1,1,2.0
2014,7,canada,0,0,0,0,0,0,0,1,0,0,0,Mercedes,29,hamilton,0,2,1,1,1.333333333,2.00,2.00,2.00,42.328125,18,20.953125,0,4,1,0,0,18.0
2014,8,austria,0,0,0,0,0,0,0,1,0,0,0,Mercedes,29,hamilton,1,2,1,2,1.666666667,9.00,9.00,9.00,30.1640625,43,10.4765625,18,2,0,1,1,2.0
2014,9,greatbritan,0,0,0,0,0,0,0,1,0,0,0,Mercedes,29,hamilton,1,2,1,22,8.333333333,6.00,6.00,6.00,36.58203125,25,14.23828125,25,2,0,1,1,1.0
2014,10,germany,0,0,0,0,0,0,0,1,0,0,0,Mercedes,29,hamilton,1,5,1,2,2.666666667,16.00,20.00,18.00,30.79101563,40,19.61914063,15,3,0,1,1,3.0
2014,11,hungary,0,0,0,0,0,0,0,1,0,0,0,Mercedes,29,hamilton,1,1,1,1,1,21.00,21.00,21.00,35.39550781,27,17.30957031,15,2,0,1,1,3.0
2014,12,belgium,0,0,0,0,0,0,0,1,0,0,0,Mercedes,29,hamilton,1,2,1,5,2.666666667,2.00,2.00,2.00,31.19775391,18,16.15478516,0,3,1,0,0,19.0
2014,13,italy,0,0,0,0,0,0,0,1,0,0,0,Mercedes,29,hamilton,1,1,2,1,1.333333333,1.00,1.00,1.00,24.59887695,43,8.077392578,25,1,0,1,1,1.0
2014,14,singapore,0,0,0,0,0,0,0,1,0,0,0,Mercedes,29,hamilton,0,2,1,6,3,1.00,1.00,1.00,33.79943848,25,16.53869629,25,3,0,1,1,1.0
2014,15,japan,0,0,0,0,0,0,0,1,0,0,0,Mercedes,29,hamilton,1,2,1,2,1.666666667,2.00,2.00,2.00,29.39971924,43,20.76934814,25,3,0,1,1,1.0
2014,16,russia,0,0,0,0,0,0,0,1,0,0,0,Mercedes,29,hamilton,0,2,1,1,1.333333333,1.00,1.00,1.00,36.19985962,43,22.88467407,25,1,0,1,1,1.0
2014,17,unitedstates,0,0,0,0,0,0,0,1,0,0,0,Mercedes,29,hamilton,1,1,1,1,1,2.00,2.00,2.00,39.59992981,43,23.94233704,25,2,0,1,1,1.0
2014,18,brazil,0,0,0,0,0,0,0,1,0,0,0,Mercedes,29,hamilton,1,2,2,2,2,2.00,2.00,2.00,41.2999649,43,24.47116852,18,3,0,1,1,2.0
2014,19,abudhabi,0,0,0,0,0,0,0,1,0,0,0,Mercedes,29,hamilton,0,1,1,2,1.333333333,2.00,2.00,2.00,42.14998245,25,21.23558426,25,2,0,1,1,1.0
2014,1,australia,0,1,0,0,0,0,0,0,0,0,0,Force India Mercedes,26,hulkenburg,1,11,10,6,9,7.00,7.00,7.00,8,9,8,8,2,0,1,0,6.0
2014,2,malaysia,0,1,0,0,0,0,0,0,0,0,0,Force India Mercedes,26,hulkenburg,1,21,10,5,12,7.00,7.00,7.00,8.5,10,8,10,2,0,1,0,5.0
2014,3,bahrain,0,1,0,0,0,0,0,0,0,0,0,Force India Mercedes,26,hulkenburg,1,4,13,8,8.333333333,12.00,11.00,11.50,9.25,25,9,10,2,0,1,0,5.0
2014,4,china,0,1,0,0,0,0,0,0,0,0,0,Force India Mercedes,26,hulkenburg,1,5,11,4,6.666666667,8.00,8.00,8.00,17.125,10,9.5,8,2,0,1,0,6.0
2014,5,spain,0,1,0,0,0,0,0,0,0,0,0,Force India Mercedes,26,hulkenburg,1,12,11,16,13,11.00,10.00,10.50,13.5625,3,8.75,1,2,0,1,0,10.0
2014,6,monaco,0,1,0,0,0,0,0,0,0,0,0,Force India Mercedes,26,hulkenburg,0,10,7,8,8.333333333,11.00,11.00,11.00,8.28125,10,4.875,10,1,0,1,0,5.0
2014,7,canada,0,1,0,0,0,0,0,0,0,0,0,Force India Mercedes,26,hulkenburg,0,11,13,11,11.66666667,11.00,11.00,11.00,9.140625,10,7.4375,10,1,0,1,0,5.0
2014,8,austria,0,1,0,0,0,0,0,0,0,0,0,Force India Mercedes,26,hulkenburg,1,7,17,11,11.66666667,10.00,10.00,10.00,9.5703125,10,8.71875,2,2,0,1,0,9.0
2014,9,greatbritan,0,1,0,0,0,0,0,0,0,0,0,Force India Mercedes,26,hulkenburg,1,14,17,14,15,4.00,4.00,4.00,9.78515625,4,5.359375,4,1,0,1,0,8.0
2014,10,germany,0,1,0,0,0,0,0,0,0,0,0,Force India Mercedes,26,hulkenburg,1,14,14,10,12.66666667,9.00,9.00,9.00,6.892578125,7,4.6796875,6,2,0,1,0,7.0
2014,11,hungary,0,1,0,0,0,0,0,0,0,0,0,Force India Mercedes,26,hulkenburg,1,12,13,17,14,9.00,9.00,9.00,6.946289063,0,5.33984375,0,4,1,0,0,18.0
2014,12,belgium,0,1,0,0,0,0,0,0,0,0,0,Force India Mercedes,26,hulkenburg,1,8,10,14,10.66666667,18.00,18.00,18.00,3.473144531,5,2.669921875,1,2,0,1,0,10.0
2014,13,italy,0,1,0,0,0,0,0,0,0,0,0,Force India Mercedes,26,hulkenburg,1,10,12,10,10.66666667,14.00,13.00,13.50,4.236572266,6,1.834960938,0,1,0,0,0,12.0
2014,14,singapore,0,1,0,0,0,0,0,0,0,0,0,Force India Mercedes,26,hulkenburg,0,12,9,11,10.66666667,13.00,13.00,13.00,5.118286133,8,0.917480469,2,4,0,1,0,9.0
2014,15,japan,0,1,0,0,0,0,0,0,0,0,0,Force India Mercedes,26,hulkenburg,1,14,12,11,12.33333333,14.00,13.00,13.50,6.559143066,5,1.458740234,4,3,0,1,0,8.0
2014,16,russia,0,1,0,0,0,0,0,0,0,0,0,Force India Mercedes,26,hulkenburg,0,13,12,12,12.33333333,12.00,17.00,14.50,5.779571533,1,2.729370117,0,1,0,0,0,12.0
2014,17,unitedstates,0,1,0,0,0,0,0,0,0,0,0,Force India Mercedes,26,hulkenburg,1,9,10,7,8.666666667,13.00,13.00,13.00,3.389785767,0,1.364685059,0,5,1,0,0,17.0
2014,18,brazil,0,1,0,0,0,0,0,0,0,0,0,Force India Mercedes,26,hulkenburg,1,13,13,17,14.33333333,12.00,12.00,12.00,1.694892883,4,0.682342529,4,3,0,1,0,8.0
2014,19,abudhabi,0,1,0,0,0,0,0,0,0,0,0,Force India Mercedes,26,hulkenburg,0,10,13,14,12.33333333,12.00,12.00,12.00,2.847446442,14,2.341171265,8,2,0,1,0,6.0
2014,1,australia,0,0,0,0,0,0,1,0,0,0,0,Caterham Renault,27,kobayashi,1,20,21,16,19,15.00,14.00,14.50,0,0,0,0,4,1,0,0,16.0
2014,2,malaysia,0,0,0,0,0,0,1,0,0,0,0,Caterham Renault,27,kobayashi,1,19,21,20,20,20.00,20.00,20.00,0,0,0,0,2,0,0,0,13.0
2014,3,bahrain,0,0,0,0,0,0,1,0,0,0,0,Caterham Renault,27,kobayashi,1,21,21,16,19.33333333,19.00,18.00,18.50,0,0,0,0,2,0,0,0,15.0
2014,4,china,0,0,0,0,0,0,1,0,0,0,0,Caterham Renault,27,kobayashi,1,17,21,16,18,18.00,18.00,18.00,0,0,0,0,3,0,0,0,18.0
2014,5,spain,0,0,0,0,0,0,1,0,0,0,0,Caterham Renault,27,kobayashi,1,21,21,21,21,21.00,20.00,20.50,0,0,0,0,5,1,0,0,22.0
2014,6,monaco,0,0,0,0,0,0,1,0,0,0,0,Caterham Renault,27,kobayashi,0,21,17,20,19.33333333,21.00,20.00,20.50,0,0,0,0,2,0,0,0,13.0
2014,7,canada,0,0,0,0,0,0,1,0,0,0,0,Caterham Renault,27,kobayashi,0,22,20,21,21,20.00,21.00,20.50,0,0,0,0,4,1,0,0,22.0
2014,8,austria,0,0,0,0,0,0,1,0,0,0,0,Caterham Renault,27,kobayashi,1,20,21,19,20,20.00,19.00,19.50,0,0,0,0,1,0,0,0,16.0
2014,9,greatbritan,0,0,0,0,0,0,1,0,0,0,0,Caterham Renault,27,kobayashi,1,20,20,18,19.33333333,21.00,22.00,21.50,0,0,0,0,2,0,0,0,15.0
2014,10,germany,0,0,0,0,0,0,1,0,0,0,0,Caterham Renault,27,kobayashi,1,21,22,20,21,20.00,19.00,19.50,0,0,0,0,3,0,0,0,16.0
2014,11,hungary,0,0,0,0,0,0,1,0,0,0,0,Caterham Renault,27,kobayashi,1,19,19,19,19,18.00,17.00,17.50,0,0,0,0,4,1,0,0,22.0
2014,12,belgium,0,0,0,0,0,0,1,0,0,0,0,Caterham Renault,27,kobayashi,1,21,20,22,21,21.00,21.00,21.00,0,0,0,0,4,1,0,0,20.0
2014,13,italy,0,0,0,0,0,0,1,0,0,0,0,Caterham Renault,27,kobayashi,1,21,21,18,20,19.00,7.00,13.00,0,0,0,0,1,0,0,0,17.0
2014,14,singapore,0,0,0,0,0,0,1,0,0,0,0,Caterham Renault,27,kobayashi,0,21,21,20,20.66666667,20.00,20.00,20.00,0,0,0,0,5,1,0,0,18.0
2014,15,japan,0,0,0,0,0,0,1,0,0,0,0,Caterham Renault,27,kobayashi,1,20,22,22,21.33333333,21.00,19.00,20.00,0,0,0,0,5,0,0,0,19.0
2014,16,russia,0,0,0,0,0,0,1,0,0,0,0,Caterham Renault,27,kobayashi,0,19,21,19,19.66666667,19.00,19.00,19.00,0,0,0,0,3,1,0,0,20.0
2014,19,abudhabi,0,0,0,0,0,0,1,0,0,0,0,Caterham Renault,27,kobayashi,0,18,18,19,18.33333333,17.00,16.00,16.50,0,0,0,0,4,1,0,0,18.0
2014,1,australia,1,0,0,0,0,0,0,0,0,0,0,STR Renault,20,kvyat,1,13,16,11,13.33333333,8.00,8.00,8.00,5,6,4,2,2,0,1,0,9.0
2014,2,malaysia,1,0,0,0,0,0,0,0,0,0,0,STR Renault,20,kvyat,1,14,14,11,13,11.00,11.00,11.00,5.5,1,3,1,3,0,1,0,10.0
2014,3,bahrain,1,0,0,0,0,0,0,0,0,0,0,STR Renault,20,kvyat,1,8,8,9,8.333333333,13.00,12.00,12.50,3.25,0,2,0,3,0,0,0,11.0
2014,4,china,1,0,0,0,0,0,0,0,0,0,0,STR Renault,20,kvyat,1,11,10,7,9.333333333,13.00,13.00,13.00,1.625,0,1,0,2,0,1,0,10.0
2014,5,spain,1,0,0,0,0,0,0,0,0,0,0,STR Renault,20,kvyat,1,11,10,13,11.33333333,13.00,12.00,12.50,0.8125,0,0.5,0,3,0,0,0,14.0
2014,6,monaco,1,0,0,0,0,0,0,0,0,0,0,STR Renault,20,kvyat,0,18,12,10,13.33333333,9.00,9.00,9.00,0.40625,0,0.25,0,4,1,0,0,20.0
2014,7,canada,1,0,0,0,0,0,0,0,0,0,0,STR Renault,20,kvyat,0,15,19,8,14,15.00,15.00,15.00,0.203125,4,0.125,0,4,1,0,0,15.0
2014,8,austria,1,0,0,0,0,0,0,0,0,0,0,STR Renault,20,kvyat,1,12,12,4,9.333333333,7.00,7.00,7.00,2.1015625,0,0.0625,0,4,1,0,0,21.0
2014,9,greatbritan,1,0,0,0,0,0,0,0,0,0,0,STR Renault,20,kvyat,1,8,12,6,8.666666667,9.00,9.00,9.00,1.05078125,3,0.03125,2,2,0,1,0,9.0
2014,10,germany,1,0,0,0,0,0,0,0,0,0,0,STR Renault,20,kvyat,1,9,12,11,10.66666667,8.00,8.00,8.00,2.025390625,0,1.015625,0,4,1,0,0,20.0
2014,11,hungary,1,0,0,0,0,0,0,0,0,0,0,STR Renault,20,kvyat,1,13,11,10,11.33333333,11.00,10.00,10.50,1.012695313,2,0.5078125,0,2,0,0,0,14.0
2014,12,belgium,1,0,0,0,0,0,0,0,0,0,0,STR Renault,20,kvyat,1,12,7,7,8.666666667,11.00,11.00,11.00,1.506347656,2,0.25390625,2,2,0,1,0,9.0
2014,13,italy,1,0,0,0,0,0,0,0,0,0,0,STR Renault,20,kvyat,1,9,13,8,10,11.00,21.00,16.00,1.753173828,0,1.126953125,0,1,0,0,0,11.0
2014,14,singapore,1,0,0,0,0,0,0,0,0,0,0,STR Renault,20,kvyat,0,9,10,14,11,10.00,10.00,10.00,0.876586914,8,0.563476563,0,3,0,0,0,14.0
2014,15,japan,1,0,0,0,0,0,0,0,0,0,0,STR Renault,20,kvyat,1,10,9,9,9.333333333,13.00,12.00,12.50,4.438293457,2,0.281738281,0,4,0,0,0,11.0
2014,16,russia,1,0,0,0,0,0,0,0,0,0,0,STR Renault,20,kvyat,0,7,8,6,7,5.00,5.00,5.00,3.219146729,0,0.140869141,0,1,0,0,0,14.0
2014,17,unitedstates,1,0,0,0,0,0,0,0,0,0,0,STR Renault,20,kvyat,1,4,7,15,8.666666667,14.00,17.00,15.50,1.609573364,0,0.07043457,0,3,0,0,0,15.0
2014,18,brazil,1,0,0,0,0,0,0,0,0,0,0,STR Renault,20,kvyat,1,3,8,10,7,14.00,17.00,15.50,0.804786682,0,0.035217285,0,3,0,0,0,11.0
2014,19,abudhabi,1,0,0,0,0,0,0,0,0,0,0,STR Renault,20,kvyat,0,7,9,9,8.333333333,5.00,5.00,5.00,0.402393341,0,0.017608643,0,4,1,0,0,20.0
2014,1,australia,0,0,0,0,0,1,0,0,0,0,0,McLaren Mercedes,21,magnussen,1,8,9,8,8.333333333,4.00,4.00,4.00,10,33,8,18,2,0,1,1,2.0
2014,2,malaysia,0,0,0,0,0,1,0,0,0,0,0,McLaren Mercedes,21,magnussen,1,5,12,22,13,8.00,8.00,8.00,21.5,10,13,2,3,0,1,0,9.0
2014,3,bahrain,0,0,0,0,0,1,0,0,0,0,0,McLaren Mercedes,21,magnussen,1,7,9,11,9,9.00,8.00,8.50,15.75,0,7.5,0,6,1,0,0,18.0
2014,4,china,0,0,0,0,0,1,0,0,0,0,0,McLaren Mercedes,21,magnussen,1,6,12,20,12.66666667,15.00,15.00,15.00,7.875,0,3.75,0,2,0,0,0,13.0
2014,5,spain,0,0,0,0,0,1,0,0,0,0,0,McLaren Mercedes,21,magnussen,1,7,6,6,6.333333333,15.00,14.00,14.50,3.9375,0,1.875,0,2,0,0,0,12.0
2014,6,monaco,0,0,0,0,0,1,0,0,0,0,0,McLaren Mercedes,21,magnussen,0,9,10,11,10,8.00,8.00,8.00,1.96875,9,0.9375,1,1,0,1,0,10.0
2014,7,canada,0,0,0,0,0,1,0,0,0,0,0,McLaren Mercedes,21,magnussen,0,8,8,12,9.333333333,12.00,12.00,12.00,5.484375,14,0.96875,2,2,0,1,0,9.0
2014,8,austria,0,0,0,0,0,1,0,0,0,0,0,McLaren Mercedes,21,magnussen,1,9,9,8,8.666666667,6.00,6.00,6.00,9.7421875,6,1.484375,6,2,0,1,0,7.0
2014,9,greatbritan,0,0,0,0,0,1,0,0,0,0,0,McLaren Mercedes,21,magnussen,1,10,8,7,8.333333333,5.00,5.00,5.00,7.87109375,18,3.7421875,6,1,0,1,0,7.0
2014,10,germany,0,0,0,0,0,1,0,0,0,0,0,McLaren Mercedes,21,magnussen,1,22,7,6,11.66666667,4.00,4.00,4.00,12.93554688,6,4.87109375,2,3,0,1,0,9.0
2014,11,hungary,0,0,0,0,0,1,0,0,0,0,0,McLaren Mercedes,21,magnussen,1,6,5,8,6.333333333,10.00,22.00,16.00,9.467773438,1,3.435546875,0,2,0,0,0,12.0
2014,12,belgium,0,0,0,0,0,1,0,0,0,0,0,McLaren Mercedes,21,magnussen,1,7,9,12,9.333333333,7.00,7.00,7.00,5.233886719,8,1.717773438,0,2,0,0,0,12.0
2014,13,italy,0,0,0,0,0,1,0,0,0,0,0,McLaren Mercedes,21,magnussen,1,5,8,11,8,5.00,5.00,5.00,6.616943359,5,0.858886719,1,1,0,1,0,10.0
2014,14,singapore,0,0,0,0,0,1,0,0,0,0,0,McLaren Mercedes,21,magnussen,0,11,6,12,9.666666667,9.00,9.00,9.00,5.80847168,1,0.929443359,1,3,0,1,0,10.0
2014,15,japan,0,0,0,0,0,1,0,0,0,0,0,McLaren Mercedes,21,magnussen,1,6,8,7,7,7.00,7.00,7.00,3.40423584,10,0.96472168,0,3,0,0,0,14.0
2014,16,russia,0,0,0,0,0,1,0,0,0,0,0,McLaren Mercedes,21,magnussen,0,3,2,17,7.333333333,6.00,11.00,8.50,6.70211792,22,0.48236084,10,1,0,1,0,5.0
2014,17,unitedstates,0,0,0,0,0,1,0,0,0,0,0,McLaren Mercedes,21,magnussen,1,5,8,11,8,8.00,7.00,7.50,14.35105896,4,5.24118042,4,2,0,1,0,8.0
2014,18,brazil,0,0,0,0,0,1,0,0,0,0,0,McLaren Mercedes,21,magnussen,1,9,10,9,9.333333333,7.00,7.00,7.00,9.17552948,14,4.62059021,2,3,0,1,0,9.0
2014,19,abudhabi,0,0,0,0,0,1,0,0,0,0,0,McLaren Mercedes,21,magnussen,0,11,3,11,8.333333333,9.00,9.00,9.00,11.58776474,10,3.310295105,0,2,0,0,0,11.0
2014,1,australia,0,0,0,0,0,0,0,0,0,1,0,Lotus Renault,29,maldonado,1,21,22,18,20.33333333,22.00,21.00,21.50,0,0,0,0,4,1,0,0,21.0
2014,2,malaysia,0,0,0,0,0,0,0,0,0,1,0,Lotus Renault,29,maldonado,1,21,22,16,19.66666667,17.00,16.00,16.50,0,0,0,0,5,1,0,0,17.0
2014,3,bahrain,0,0,0,0,0,0,0,0,0,1,0,Lotus Renault,29,maldonado,1,16,17,18,17,17.00,17.00,17.00,0,0,0,0,4,0,0,0,14.0
2014,4,china,0,0,0,0,0,0,0,0,0,1,0,Lotus Renault,29,maldonado,1,16,18,6,13.33333333,22.00,22.00,22.00,0,0,0,0,2,0,0,0,14.0
2014,5,spain,0,0,0,0,0,0,0,0,0,1,0,Lotus Renault,29,maldonado,1,8,9,9,8.666666667,,22.00,22.00,0,4,0,0,2,0,0,0,15.0
2014,6,monaco,0,0,0,0,0,0,0,0,0,1,0,Lotus Renault,29,maldonado,0,14,14,18,15.33333333,15.00,15.00,15.00,2,6,0,0,4,1,0,0,16.0
2014,7,canada,0,0,0,0,0,0,0,0,0,1,0,Lotus Renault,29,maldonado,0,16,15,15,15.33333333,17.00,17.00,17.00,4,0,0,0,4,1,0,0,16.0
2014,8,austria,0,0,0,0,0,0,0,0,0,1,0,Lotus Renault,29,maldonado,1,17,15,12,14.66666667,14.00,13.00,13.50,2,0,0,0,2,0,0,0,12.0
2014,9,greatbritan,0,0,0,0,0,0,0,0,0,1,0,Lotus Renault,29,maldonado,1,22,14,3,13,20.00,20.00,20.00,1,0,0,0,1,0,0,0,17.0
2014,10,germany,0,0,0,0,0,0,0,0,0,1,0,Lotus Renault,29,maldonado,1,6,17,18,13.66666667,19.00,18.00,18.50,0.5,0,0,0,2,0,0,0,12.0
2014,11,hungary,0,0,0,0,0,0,0,0,0,1,0,Lotus Renault,29,maldonado,1,14,16,13,14.33333333,22.00,20.00,21.00,0.25,0,0,0,3,0,0,0,13.0
2014,12,belgium,0,0,0,0,0,0,0,0,0,1,0,Lotus Renault,29,maldonado,1,18,21,17,18.66666667,17.00,17.00,17.00,0.125,0,0,0,4,1,0,0,22.0
2014,13,italy,0,0,0,0,0,0,0,0,0,1,0,Lotus Renault,29,maldonado,1,18,18,17,17.66666667,17.00,16.00,16.50,0.0625,0,0,0,1,0,0,0,14.0
2014,14,singapore,0,0,0,0,0,0,0,0,0,1,0,Lotus Renault,29,maldonado,0,14,14,18,15.33333333,18.00,18.00,18.00,0.03125,0,0,0,4,0,0,0,13.0
2014,15,japan,0,0,0,0,0,0,0,0,0,1,0,Lotus Renault,29,maldonado,1,14,16,17,15.66666667,17.00,22.00,19.50,0.015625,0,0,0,4,0,0,0,16.0
2014,16,russia,0,0,0,0,0,0,0,0,0,1,0,Lotus Renault,29,maldonado,0,16,17,21,18,20.00,21.00,20.50,0.0078125,0,0,0,1,0,0,0,18.0
2014,17,unitedstates,0,0,0,0,0,0,0,0,0,1,0,Lotus Renault,29,maldonado,1,13,15,10,12.66666667,11.00,10.00,10.50,0.00390625,2,0,2,2,0,1,0,9.0
2014,18,brazil,0,0,0,0,0,0,0,0,0,1,0,Lotus Renault,29,maldonado,1,7,11,12,10,18.00,16.00,17.00,1.001953125,0,1,0,3,0,0,0,12.0
2014,19,abudhabi,0,0,0,0,0,0,0,0,0,1,0,Lotus Renault,29,maldonado,0,15,12,16,14.33333333,16.00,15.00,15.50,0.500976563,0,0.5,0,4,1,0,0,19.0
2014,1,australia,0,0,0,0,1,0,0,0,0,0,0,Williams Mercedes,34,massa,1,4,12,10,8.666666667,9.00,9.00,9.00,8,10,8,0,4,1,0,0,14.0
2014,2,malaysia,0,0,0,0,1,0,0,0,0,0,0,Williams Mercedes,34,massa,1,9,6,8,7.666666667,13.00,13.00,13.00,9,10,4,6,3,0,1,0,7.0
2014,3,bahrain,0,0,0,0,1,0,0,0,0,0,0,Williams Mercedes,34,massa,1,11,5,4,6.666666667,8.00,7.00,7.50,9.5,10,5,6,3,0,1,0,7.0
2014,4,china,0,0,0,0,1,0,0,0,0,0,0,Williams Mercedes,34,massa,1,10,6,2,6,6.00,6.00,6.00,9.75,6,5.5,0,2,0,0,0,15.0
2014,5,spain,0,0,0,0,1,0,0,0,0,0,0,Williams Mercedes,34,massa,1,10,8,4,7.333333333,9.00,9.00,9.00,7.875,10,2.75,0,3,0,0,0,13.0
2014,6,monaco,0,0,0,0,1,0,0,0,0,0,0,Williams Mercedes,34,massa,0,16,11,14,13.66666667,16.00,16.00,16.00,8.9375,6,1.375,6,1,0,1,0,7.0
2014,7,canada,0,0,0,0,1,0,0,0,0,0,0,Williams Mercedes,34,massa,0,17,6,2,8.333333333,5.00,5.00,5.00,7.46875,6,3.6875,0,2,0,0,0,12.0
2014,8,austria,0,0,0,0,1,0,0,0,0,0,0,Williams Mercedes,34,massa,1,4,5,3,4,1.00,1.00,1.00,6.734375,27,1.84375,12,2,0,1,0,4.0
2014,9,greatbritan,0,0,0,0,1,0,0,0,0,0,0,Williams Mercedes,34,massa,1,17,11,13,13.66666667,17.00,15.00,16.00,16.8671875,18,6.921875,0,4,1,0,0,21.0
2014,10,germany,0,0,0,0,1,0,0,0,0,0,0,Williams Mercedes,34,massa,1,11,6,4,7,3.00,3.00,3.00,17.43359375,18,3.4609375,0,4,1,0,0,19.0
2014,11,hungary,0,0,0,0,1,0,0,0,0,0,0,Williams Mercedes,34,massa,1,10,10,11,10.33333333,6.00,6.00,6.00,17.71679688,16,1.73046875,10,3,0,1,0,5.0
2014,12,belgium,0,0,0,0,1,0,0,0,0,0,0,Williams Mercedes,34,massa,1,15,4,9,9.333333333,9.00,9.00,9.00,16.85839844,15,5.865234375,0,3,0,0,0,13.0
2014,13,italy,0,0,0,0,1,0,0,0,0,0,0,Williams Mercedes,34,massa,1,13,9,4,8.666666667,4.00,4.00,4.00,15.92919922,27,2.932617188,12,1,0,1,0,4.0
2014,14,singapore,0,0,0,0,1,0,0,0,0,0,0,Williams Mercedes,34,massa,0,13,17,7,12.33333333,6.00,6.00,6.00,21.46459961,10,7.466308594,10,2,0,1,0,5.0
2014,15,japan,0,0,0,0,1,0,0,0,0,0,0,Williams Mercedes,34,massa,1,11,14,4,9.666666667,4.00,4.00,4.00,15.7322998,14,8.733154297,6,3,0,1,0,7.0
2014,16,russia,0,0,0,0,1,0,0,0,0,0,0,Williams Mercedes,34,massa,0,11,7,5,7.666666667,18.00,18.00,18.00,14.8661499,15,7.366577148,0,2,0,0,0,11.0
2014,17,unitedstates,0,0,0,0,1,0,0,0,0,0,0,Williams Mercedes,34,massa,1,11,5,3,6.333333333,4.00,4.00,4.00,14.93307495,22,3.683288574,12,2,0,1,0,4.0
2014,18,brazil,0,0,0,0,1,0,0,0,0,0,0,Williams Mercedes,34,massa,1,5,6,3,4.666666667,3.00,3.00,3.00,18.46653748,16,7.841644287,15,3,0,1,1,3.0
2014,19,abudhabi,0,0,0,0,1,0,0,0,0,0,0,Williams Mercedes,34,massa,0,13,10,3,8.666666667,4.00,4.00,4.00,17.23326874,33,11.42082214,18,2,0,1,1,2.0
2014,1,australia,0,1,0,0,0,0,0,0,0,0,0,Force India Mercedes,24,perez,1,12,13,9,11.33333333,16.00,16.00,16.00,8,9,6,1,3,0,1,0,10.0
2014,2,malaysia,0,1,0,0,0,0,0,0,0,0,0,Force India Mercedes,24,perez,1,20,16,10,15.33333333,14.00,14.00,14.00,8.5,10,3.5,0,5,1,0,0,16.0
2014,3,bahrain,0,1,0,0,0,0,0,0,0,0,0,Force India Mercedes,24,perez,1,9,10,3,7.333333333,5.00,4.00,4.50,9.25,25,1.75,15,2,0,1,1,3.0
2014,4,china,0,1,0,0,0,0,0,0,0,0,0,Force India Mercedes,24,perez,1,15,15,10,13.33333333,16.00,16.00,16.00,17.125,10,8.375,2,2,0,1,0,9.0
2014,5,spain,0,1,0,0,0,0,0,0,0,0,0,Force India Mercedes,24,perez,1,9,16,15,13.33333333,12.00,11.00,11.50,13.5625,3,5.1875,2,2,0,1,0,9.0
2014,6,monaco,0,1,0,0,0,0,0,0,0,0,0,Force India Mercedes,24,perez,0,8,6,7,7,10.00,10.00,10.00,8.28125,10,3.59375,0,4,1,0,0,15.0
2014,7,canada,0,1,0,0,0,0,0,0,0,0,0,Force India Mercedes,24,perez,0,12,14,14,13.33333333,13.00,13.00,13.00,9.140625,10,1.796875,0,1,0,0,0,11.0
2014,8,austria,0,1,0,0,0,0,0,0,0,0,0,Force India Mercedes,24,perez,1,6,13,15,11.33333333,11.00,15.00,13.00,9.5703125,10,0.8984375,8,2,0,1,0,6.0
2014,9,greatbritan,0,1,0,0,0,0,0,0,0,0,0,Force India Mercedes,24,perez,1,11,16,15,14,7.00,7.00,7.00,9.78515625,4,4.44921875,0,1,0,0,0,11.0
2014,10,germany,0,1,0,0,0,0,0,0,0,0,0,Force India Mercedes,24,perez,1,13,13,14,13.33333333,10.00,10.00,10.00,6.892578125,7,2.224609375,1,3,0,1,0,10.0
2014,11,hungary,0,1,0,0,0,0,0,0,0,0,0,Force India Mercedes,24,perez,1,16,15,18,16.33333333,13.00,12.00,12.50,6.946289063,0,1.612304688,0,4,1,0,0,17.0
2014,12,belgium,0,1,0,0,0,0,0,0,0,0,0,Force India Mercedes,24,perez,1,6,13,11,10,13.00,13.00,13.00,3.473144531,5,0.806152344,4,2,0,1,0,8.0
2014,13,italy,0,1,0,0,0,0,0,0,0,0,0,Force India Mercedes,24,perez,1,8,11,13,10.66666667,10.00,10.00,10.00,4.236572266,6,2.403076172,6,1,0,1,0,7.0
2014,14,singapore,0,1,0,0,0,0,0,0,0,0,0,Force India Mercedes,24,perez,0,10,8,15,11,15.00,15.00,15.00,5.118286133,8,4.201538086,6,3,0,1,0,7.0
2014,15,japan,0,1,0,0,0,0,0,0,0,0,0,Force India Mercedes,24,perez,1,13,15,13,13.66666667,12.00,11.00,11.50,6.559143066,5,5.100769043,1,4,0,1,0,10.0
2014,16,russia,0,1,0,0,0,0,0,0,0,0,0,Force India Mercedes,24,perez,0,6,14,13,11,13.00,12.00,12.50,5.779571533,1,3.050384521,1,1,0,1,0,10.0
2014,17,unitedstates,0,1,0,0,0,0,0,0,0,0,0,Force India Mercedes,24,perez,1,15,14,14,14.33333333,12.00,11.00,11.50,3.389785767,0,2.025192261,0,5,1,0,0,16.0
2014,18,brazil,0,1,0,0,0,0,0,0,0,0,0,Force India Mercedes,24,perez,1,16,18,18,17.33333333,17.00,18.00,17.50,1.694892883,4,1.01259613,0,3,0,0,0,15.0
2014,19,abudhabi,0,1,0,0,0,0,0,0,0,0,0,Force India Mercedes,24,perez,0,9,11,13,11,11.00,11.00,11.00,2.847446442,14,0.506298065,6,2,0,1,0,7.0
2014,1,australia,0,0,1,0,0,0,0,0,0,0,0,Ferrari,34,raikkonen,1,9,7,7,7.666666667,12.00,11.00,11.50,12,18,10,6,2,0,1,0,7.0
2014,2,malaysia,0,0,1,0,0,0,0,0,0,0,0,Ferrari,34,raikkonen,1,2,2,3,2.333333333,6.00,6.00,6.00,15,12,8,0,3,0,0,0,12.0
2014,3,bahrain,0,0,1,0,0,0,0,0,0,0,0,Ferrari,34,raikkonen,1,6,14,10,10,6.00,5.00,5.50,13.5,3,4,1,3,0,1,0,10.0
2014,4,china,0,0,1,0,0,0,0,0,0,0,0,Ferrari,34,raikkonen,1,22,7,5,11.33333333,11.00,11.00,11.00,8.25,19,2.5,4,2,0,1,0,8.0
2014,5,spain,0,0,1,0,0,0,0,0,0,0,0,Ferrari,34,raikkonen,1,6,5,14,8.333333333,6.00,6.00,6.00,13.625,14,3.25,6,2,0,1,0,7.0
2014,6,monaco,0,0,1,0,0,0,0,0,0,0,0,Ferrari,34,raikkonen,0,6,22,6,11.33333333,6.00,6.00,6.00,13.8125,12,4.625,0,3,0,0,0,12.0
2014,7,canada,0,0,1,0,0,0,0,0,0,0,0,Ferrari,34,raikkonen,0,9,4,6,6.333333333,10.00,10.00,10.00,12.90625,9,2.3125,1,2,0,1,0,10.0
2014,8,austria,0,0,1,0,0,0,0,0,0,0,0,Ferrari,34,raikkonen,1,11,11,9,10.33333333,8.00,8.00,8.00,10.953125,11,1.65625,1,2,0,1,0,10.0
2014,9,greatbritan,0,0,1,0,0,0,0,0,0,0,0,Ferrari,34,raikkonen,1,5,9,10,8,19.00,18.00,18.50,10.9765625,8,1.328125,0,4,1,0,0,18.0
2014,10,germany,0,0,1,0,0,0,0,0,0,0,0,Ferrari,34,raikkonen,1,8,4,8,6.666666667,12.00,12.00,12.00,9.48828125,10,0.6640625,0,3,0,0,0,11.0
2014,11,hungary,0,0,1,0,0,0,0,0,0,0,0,Ferrari,34,raikkonen,1,3,6,7,5.333333333,17.00,16.00,16.50,9.744140625,26,0.33203125,8,2,0,1,0,6.0
2014,12,belgium,0,0,1,0,0,0,0,0,0,0,0,Ferrari,34,raikkonen,1,5,15,4,8,8.00,8.00,8.00,17.87207031,18,4.166015625,12,2,0,1,0,4.0
2014,13,italy,0,0,1,0,0,0,0,0,0,0,0,Ferrari,34,raikkonen,1,7,3,7,5.666666667,12.00,7.00,9.50,17.93603516,2,8.083007813,2,1,0,1,0,9.0
2014,14,singapore,0,0,1,0,0,0,0,0,0,0,0,Ferrari,34,raikkonen,0,7,4,9,6.666666667,7.00,7.00,7.00,9.968017578,16,5.041503906,4,3,0,1,0,8.0
2014,15,japan,0,0,1,0,0,0,0,0,0,0,0,Ferrari,34,raikkonen,1,5,6,12,7.666666667,10.00,10.00,10.00,12.98400879,0,4.520751953,0,5,0,0,0,12.0
2014,16,russia,0,0,1,0,0,0,0,0,0,0,0,Ferrari,34,raikkonen,0,8,11,7,8.666666667,9.00,8.00,8.50,6.492004395,10,2.260375977,2,1,0,1,0,9.0
2014,17,unitedstates,0,0,1,0,0,0,0,0,0,0,0,Ferrari,34,raikkonen,1,12,6,9,9,9.00,8.00,8.50,8.246002197,8,2.130187988,0,3,0,0,0,13.0
2014,18,brazil,0,0,1,0,0,0,0,0,0,0,0,Ferrari,34,raikkonen,1,8,3,7,6,10.00,10.00,10.00,8.123001099,14,1.065093994,6,2,0,1,0,7.0
2014,19,abudhabi,0,0,1,0,0,0,0,0,0,0,0,Ferrari,34,raikkonen,0,12,7,10,9.666666667,7.00,7.00,7.00,11.06150055,3,3.532546997,1,2,0,1,0,10.0
2014,1,australia,0,0,0,0,0,0,0,0,1,0,0,Red Bull Racing Renault,24,ricciardo,1,5,6,5,5.333333333,2.00,2.00,2.00,20,0,8,0,4,1,0,0,19.0
2014,2,malaysia,0,0,0,0,0,0,0,0,1,0,0,Red Bull Racing Renault,24,ricciardo,1,12,7,6,8.333333333,5.00,5.00,5.00,10,15,4,0,5,1,0,0,19.0
2014,3,bahrain,0,0,0,0,0,0,0,0,1,0,0,Red Bull Racing Renault,24,ricciardo,1,14,4,13,10.33333333,3.00,13.00,8.00,12.5,20,2,12,2,0,1,0,4.0
2014,4,china,0,0,0,0,0,0,0,0,1,0,0,Red Bull Racing Renault,24,ricciardo,1,3,4,1,2.666666667,2.00,2.00,2.00,16.25,22,7,12,2,0,1,0,4.0
2014,5,spain,0,0,0,0,0,0,0,0,1,0,0,Red Bull Racing Renault,24,ricciardo,1,3,3,7,4.333333333,3.00,3.00,3.00,19.125,27,9.5,15,2,0,1,1,3.0
2014,6,monaco,0,0,0,0,0,0,0,0,1,0,0,Red Bull Racing Renault,24,ricciardo,0,3,9,2,4.666666667,3.00,3.00,3.00,23.0625,15,12.25,15,1,0,1,1,3.0
2014,7,canada,0,0,0,0,0,0,0,0,1,0,0,Red Bull Racing Renault,24,ricciardo,0,6,12,5,7.666666667,6.00,6.00,6.00,19.03125,40,13.625,25,2,0,1,1,1.0
2014,8,austria,0,0,0,0,0,0,0,0,1,0,0,Red Bull Racing Renault,24,ricciardo,1,13,8,7,9.333333333,5.00,5.00,5.00,29.515625,4,19.3125,4,2,0,1,0,8.0
2014,9,greatbritan,0,0,0,0,0,0,0,0,1,0,0,Red Bull Racing Renault,24,ricciardo,1,4,4,2,3.333333333,8.00,8.00,8.00,16.7578125,25,11.65625,15,1,0,1,1,3.0
2014,10,germany,0,0,0,0,0,0,0,0,1,0,0,Red Bull Racing Renault,24,ricciardo,1,1,3,7,3.666666667,5.00,5.00,5.00,20.87890625,20,13.328125,8,3,0,1,0,6.0
2014,11,hungary,0,0,0,0,0,0,0,0,1,0,0,Red Bull Racing Renault,24,ricciardo,1,8,7,4,6.333333333,4.00,4.00,4.00,20.43945313,31,10.6640625,25,3,0,1,1,1.0
2014,12,belgium,0,0,0,0,0,0,0,0,1,0,0,Red Bull Racing Renault,24,ricciardo,1,9,8,2,6.333333333,5.00,5.00,5.00,25.71972656,35,17.83203125,25,2,0,1,1,1.0
2014,13,italy,0,0,0,0,0,0,0,0,1,0,0,Red Bull Racing Renault,24,ricciardo,1,16,10,9,11.66666667,9.00,9.00,9.00,30.35986328,18,21.41601563,10,1,0,1,0,5.0
2014,14,singapore,0,0,0,0,0,0,0,0,1,0,0,Red Bull Racing Renault,24,ricciardo,0,5,3,2,3.333333333,3.00,3.00,3.00,24.17993164,33,15.70800781,15,2,0,1,1,3.0
2014,15,japan,0,0,0,0,0,0,0,0,1,0,0,Red Bull Racing Renault,24,ricciardo,1,7,10,6,7.666666667,6.00,6.00,6.00,28.58996582,27,15.35400391,12,3,0,1,0,4.0
2014,16,russia,0,0,0,0,0,0,0,0,1,0,0,Red Bull Racing Renault,24,ricciardo,0,12,13,4,9.666666667,7.00,6.00,6.50,27.79498291,10,13.67700195,6,1,0,1,0,7.0
2014,17,unitedstates,0,0,0,0,0,0,0,0,1,0,0,Red Bull Racing Renault,24,ricciardo,1,17,4,6,9,5.00,5.00,5.00,18.89749146,21,9.838500977,15,3,0,1,1,3.0
2014,18,brazil,0,0,0,0,0,0,0,0,1,0,0,Red Bull Racing Renault,24,ricciardo,1,10,4,5,6.333333333,9.00,9.00,9.00,19.94874573,10,12.41925049,0,4,1,0,0,18.0
2014,19,abudhabi,0,0,0,0,0,0,0,0,1,0,0,Red Bull Racing Renault,24,ricciardo,0,5,6,7,6,19.00,19.00,19.00,14.97437286,16,6.209625244,12,2,0,1,0,4.0
2014,1,australia,0,0,0,0,0,0,0,1,0,0,0,Mercedes,28,rosberg,1,6,2,1,3,3.00,3.00,3.00,22,25,22,25,2,0,1,1,1.0
2014,2,malaysia,0,0,0,0,0,0,0,1,0,0,0,Mercedes,28,rosberg,1,3,1,1,1.666666667,3.00,3.00,3.00,23.5,43,23.5,18,3,0,1,1,2.0
2014,3,bahrain,0,0,0,0,0,0,0,1,0,0,0,Mercedes,28,rosberg,1,2,2,2,2,1.00,1.00,1.00,33.25,43,20.75,18,2,0,1,1,2.0
2014,4,china,0,0,0,0,0,0,0,1,0,0,0,Mercedes,28,rosberg,1,2,3,19,8,4.00,4.00,4.00,38.125,43,19.375,18,2,0,1,1,2.0
2014,5,spain,0,0,0,0,0,0,0,1,0,0,0,Mercedes,28,rosberg,1,5,2,1,2.666666667,2.00,2.00,2.00,40.5625,43,18.6875,18,2,0,1,1,2.0
2014,6,monaco,0,0,0,0,0,0,0,1,0,0,0,Mercedes,28,rosberg,0,2,20,3,8.333333333,1.00,1.00,1.00,41.78125,43,18.34375,25,1,0,1,1,1.0
2014,7,canada,0,0,0,0,0,0,0,1,0,0,0,Mercedes,28,rosberg,0,3,2,3,2.666666667,1.00,1.00,1.00,42.390625,18,21.671875,18,2,0,1,1,2.0
2014,8,austria,0,0,0,0,0,0,0,1,0,0,0,Mercedes,28,rosberg,1,1,2,5,2.666666667,3.00,3.00,3.00,30.1953125,43,19.8359375,25,2,0,1,1,1.0
2014,9,greatbritan,0,0,0,0,0,0,0,1,0,0,0,Mercedes,28,rosberg,1,1,2,21,8,1.00,1.00,1.00,36.59765625,25,22.41796875,0,4,1,0,0,19.0
2014,10,germany,0,0,0,0,0,0,0,1,0,0,0,Mercedes,28,rosberg,1,7,2,1,3.333333333,1.00,1.00,1.00,30.79882813,40,11.20898438,25,2,0,1,1,1.0
2014,11,hungary,0,0,0,0,0,0,0,1,0,0,0,Mercedes,28,rosberg,1,2,2,2,2,1.00,1.00,1.00,35.39941406,27,18.10449219,12,3,0,1,0,4.0
2014,12,belgium,0,0,0,0,0,0,0,1,0,0,0,Mercedes,28,rosberg,1,1,2,3,2,1.00,1.00,1.00,31.19970703,18,15.05224609,18,3,0,1,1,2.0
2014,13,italy,0,0,0,0,0,0,0,1,0,0,0,Mercedes,28,rosberg,1,3,1,22,8.666666667,2.00,2.00,2.00,24.59985352,43,16.52612305,18,1,0,1,1,2.0
2014,14,singapore,0,0,0,0,0,0,0,1,0,0,0,Mercedes,28,rosberg,0,3,13,3,6.333333333,2.00,2.00,2.00,33.79992676,25,17.26306152,0,5,1,0,0,20.0
2014,15,japan,0,0,0,0,0,0,0,1,0,0,0,Mercedes,28,rosberg,1,1,2,1,1.333333333,1.00,1.00,1.00,29.39996338,43,8.631530762,18,3,0,1,1,2.0
2014,16,russia,0,0,0,0,0,0,0,1,0,0,0,Mercedes,28,rosberg,0,1,4,2,2.333333333,2.00,2.00,2.00,36.19998169,43,13.31576538,18,1,0,1,1,2.0
2014,17,unitedstates,0,0,0,0,0,0,0,1,0,0,0,Mercedes,28,rosberg,1,2,2,2,2,1.00,1.00,1.00,39.59999084,43,15.65788269,18,2,0,1,1,2.0
2014,18,brazil,0,0,0,0,0,0,0,1,0,0,0,Mercedes,28,rosberg,1,1,1,1,1,1.00,1.00,1.00,41.29999542,43,16.82894135,25,3,0,1,1,1.0
2014,19,abudhabi,0,0,0,0,0,0,0,1,0,0,0,Mercedes,28,rosberg,0,2,2,1,1.666666667,1.00,1.00,1.00,42.14999771,25,20.91447067,0,2,0,0,0,14.0
2014,1,australia,0,0,0,0,0,0,0,0,0,0,1,Sauber Ferrari,31,sutil,1,15,14,15,14.66666667,14.00,13.00,13.50,0,0,0,0,1,0,0,0,11.0
2014,2,malaysia,0,0,0,0,0,0,0,0,0,0,1,Sauber Ferrari,31,sutil,1,13,13,13,13,18.00,17.00,17.50,0,0,0,0,5,1,0,0,21.0
2014,3,bahrain,0,0,0,0,0,0,0,0,0,0,1,Sauber Ferrari,31,sutil,1,15,15,15,15,18.00,22.00,20.00,0,0,0,0,6,1,0,0,19.0
2014,4,china,0,0,0,0,0,0,0,0,0,0,1,Sauber Ferrari,31,sutil,1,14,17,13,14.66666667,14.00,14.00,14.00,0,0,0,0,4,1,0,0,22.0
2014,5,spain,0,0,0,0,0,0,0,0,0,0,1,Sauber Ferrari,31,sutil,1,18,13,17,16,17.00,16.00,16.50,0,0,0,0,2,0,0,0,17.0
2014,6,monaco,0,0,0,0,0,0,0,0,0,0,1,Sauber Ferrari,31,sutil,0,17,13,15,15,18.00,18.00,18.00,0,0,0,0,4,1,0,0,19.0
2014,7,canada,0,0,0,0,0,0,0,0,0,0,1,Sauber Ferrari,31,sutil,0,13,16,17,15.33333333,16.00,16.00,16.00,0,0,0,0,4,1,0,0,13.0
2014,8,austria,0,0,0,0,0,0,0,0,0,0,1,Sauber Ferrari,31,sutil,1,21,16,16,17.66666667,17.00,16.00,16.50,0,0,0,0,2,0,0,0,14.0
2014,9,greatbritan,0,0,0,0,0,0,0,0,0,0,1,Sauber Ferrari,31,sutil,1,15,18,5,12.66666667,15.00,13.00,14.00,0,0,0,0,1,0,0,0,13.0
2014,10,germany,0,0,0,0,0,0,0,0,0,0,1,Sauber Ferrari,31,sutil,1,10,11,19,13.33333333,17.00,15.00,16.00,0,0,0,0,3,1,0,0,21.0
2014,11,hungary,0,0,0,0,0,0,0,0,0,0,1,Sauber Ferrari,31,sutil,1,18,14,15,15.66666667,12.00,11.00,11.50,0,0,0,0,2,0,0,0,11.0
2014,12,belgium,0,0,0,0,0,0,0,0,0,0,1,Sauber Ferrari,31,sutil,1,14,12,15,13.66666667,14.00,14.00,14.00,0,0,0,0,3,0,0,0,14.0
2014,13,italy,0,0,0,0,0,0,0,0,0,0,1,Sauber Ferrari,31,sutil,1,11,16,15,14,15.00,14.00,14.50,0,0,0,0,1,0,0,0,15.0
2014,14,singapore,0,0,0,0,0,0,0,0,0,0,1,Sauber Ferrari,31,sutil,0,17,15,16,16,17.00,17.00,17.00,0,0,0,0,5,1,0,0,22.0
2014,15,japan,0,0,0,0,0,0,0,0,0,0,1,Sauber Ferrari,31,sutil,1,16,17,18,17,15.00,14.00,14.50,0,0,0,0,4,0,0,0,21.0
2014,16,russia,0,0,0,0,0,0,0,0,0,0,1,Sauber Ferrari,31,sutil,0,15,15,14,14.66666667,15.00,14.00,14.50,0,0,0,0,1,0,0,0,16.0
2014,17,unitedstates,0,0,0,0,0,0,0,0,0,0,1,Sauber Ferrari,31,sutil,1,14,16,8,12.66666667,10.00,9.00,9.50,0,0,0,0,5,1,0,0,18.0
2014,18,brazil,0,0,0,0,0,0,0,0,0,0,1,Sauber Ferrari,31,sutil,1,11,15,13,13,13.00,13.00,13.00,0,0,0,0,3,0,0,0,16.0
2014,19,abudhabi,0,0,0,0,0,0,0,0,0,0,1,Sauber Ferrari,31,sutil,0,19,16,18,17.66666667,13.00,13.00,13.00,0,0,0,0,3,0,0,0,16.0
2014,1,australia,1,0,0,0,0,0,0,0,0,0,0,STR Renault,24,vergne,1,10,11,13,11.33333333,6.00,6.00,6.00,4,6,4,4,2,0,1,0,8.0
2014,2,malaysia,1,0,0,0,0,0,0,0,0,0,0,STR Renault,24,vergne,1,6,11,12,9.666666667,9.00,9.00,9.00,5,1,4,0,5,1,0,0,22.0
2014,3,bahrain,1,0,0,0,0,0,0,0,0,0,0,STR Renault,24,vergne,1,12,12,12,12,14.00,14.00,14.00,3,0,2,0,6,1,0,0,21.0
2014,4,china,1,0,0,0,0,0,0,0,0,0,0,STR Renault,24,vergne,1,7,13,12,10.66666667,9.00,9.00,9.00,1.5,0,1,0,2,0,0,0,12.0
2014,5,spain,1,0,0,0,0,0,0,0,0,0,0,STR Renault,24,vergne,1,13,12,12,12.33333333,16.00,21.00,18.50,0.75,0,0.5,0,5,1,0,0,21.0
2014,6,monaco,1,0,0,0,0,0,0,0,0,0,0,STR Renault,24,vergne,0,15,4,9,9.333333333,7.00,7.00,7.00,0.375,0,0.25,0,4,1,0,0,21.0
2014,7,canada,1,0,0,0,0,0,0,0,0,0,0,STR Renault,24,vergne,0,10,10,9,9.666666667,8.00,8.00,8.00,0.1875,4,0.125,4,2,0,1,0,8.0
2014,8,austria,1,0,0,0,0,0,0,0,0,0,0,STR Renault,24,vergne,1,10,10,13,11,15.00,14.00,14.50,2.09375,0,2.0625,0,4,1,0,0,22.0
2014,9,greatbritan,1,0,0,0,0,0,0,0,0,0,0,STR Renault,24,vergne,1,9,10,11,10,10.00,10.00,10.00,1.046875,3,1.03125,1,1,0,1,0,10.0
2014,10,germany,1,0,0,0,0,0,0,0,0,0,0,STR Renault,24,vergne,1,12,15,12,13,13.00,13.00,13.00,2.0234375,0,1.015625,0,3,0,0,0,13.0
2014,11,hungary,1,0,0,0,0,0,0,0,0,0,0,STR Renault,24,vergne,1,7,12,9,9.333333333,8.00,8.00,8.00,1.01171875,2,0.5078125,2,2,0,1,0,9.0
2014,12,belgium,1,0,0,0,0,0,0,0,0,0,0,STR Renault,24,vergne,1,16,11,10,12.33333333,12.00,12.00,12.00,1.505859375,2,1.25390625,0,2,0,0,0,11.0
2014,13,italy,1,0,0,0,0,0,0,0,0,0,0,STR Renault,24,vergne,1,14,15,14,14.33333333,13.00,12.00,12.50,1.752929688,0,0.626953125,0,1,0,0,0,13.0
2014,14,singapore,1,0,0,0,0,0,0,0,0,0,0,STR Renault,24,vergne,0,6,11,4,7,17.00,17.00,17.00,0.876464844,8,0.313476563,8,3,0,1,0,6.0
2014,15,japan,1,0,0,0,0,0,0,0,0,0,0,STR Renault,24,vergne,1,12,11,8,10.33333333,11.00,20.00,15.50,4.438232422,2,4.156738281,2,3,0,1,0,9.0
2014,16,russia,1,0,0,0,0,0,0,0,0,0,0,STR Renault,24,vergne,0,9,10,9,9.333333333,10.00,9.00,9.50,3.219116211,0,3.078369141,0,1,0,0,0,13.0
2014,17,unitedstates,1,0,0,0,0,0,0,0,0,0,0,STR Renault,24,vergne,1,10,13,17,13.33333333,15.00,14.00,14.50,1.609558105,0,1.53918457,0,2,0,0,0,10.0
2014,18,brazil,1,0,0,0,0,0,0,0,0,0,0,STR Renault,24,vergne,1,6,17,15,12.66666667,16.00,15.00,15.50,0.804779053,0,0.769592285,0,3,0,0,0,13.0
2014,19,abudhabi,1,0,0,0,0,0,0,0,0,0,0,STR Renault,24,vergne,0,6,14,12,10.66666667,10.00,10.00,10.00,0.402389526,0,0.384796143,0,3,0,0,0,12.0
2014,1,australia,0,0,0,0,0,0,0,0,1,0,0,Red Bull Racing Renault,26,vettel,1,7,4,12,7.666666667,13.00,12.00,12.50,15,0,15,0,4,1,0,0,20.0
2014,2,malaysia,0,0,0,0,0,0,0,0,1,0,0,Red Bull Racing Renault,26,vettel,1,7,3,4,4.666666667,2.00,2.00,2.00,7.5,15,7.5,15,3,0,1,1,3.0
2014,3,bahrain,0,0,0,0,0,0,0,0,1,0,0,Red Bull Racing Renault,26,vettel,1,10,7,21,12.66666667,11.00,10.00,10.50,11.25,20,11.25,8,2,0,1,0,6.0
2014,4,china,0,0,0,0,0,0,0,0,1,0,0,Red Bull Racing Renault,26,vettel,1,9,5,11,8.333333333,3.00,3.00,3.00,15.625,22,9.625,10,2,0,1,0,5.0
2014,5,spain,0,0,0,0,0,0,0,0,1,0,0,Red Bull Racing Renault,26,vettel,1,20,20,10,16.66666667,10.00,15.00,12.50,18.8125,27,9.8125,12,3,0,1,0,4.0
2014,6,monaco,0,0,0,0,0,0,0,0,1,0,0,Red Bull Racing Renault,26,vettel,0,5,3,4,4,4.00,4.00,4.00,22.90625,15,10.90625,0,4,1,0,0,17.0
2014,7,canada,0,0,0,0,0,0,0,0,1,0,0,Red Bull Racing Renault,26,vettel,0,4,3,10,5.666666667,3.00,3.00,3.00,18.953125,40,5.453125,15,2,0,1,1,3.0
2014,8,austria,0,0,0,0,0,0,0,0,1,0,0,Red Bull Racing Renault,26,vettel,1,15,6,10,10.33333333,13.00,12.00,12.50,29.4765625,4,10.2265625,0,4,1,0,0,20.0
2014,9,greatbritan,0,0,0,0,0,0,0,0,1,0,0,Red Bull Racing Renault,26,vettel,1,6,5,1,4,2.00,2.00,2.00,16.73828125,25,5.11328125,10,2,0,1,0,5.0
2014,10,germany,0,0,0,0,0,0,0,0,1,0,0,Red Bull Racing Renault,26,vettel,1,2,8,9,6.333333333,6.00,6.00,6.00,20.86914063,20,7.556640625,12,3,0,1,0,4.0
2014,11,hungary,0,0,0,0,0,0,0,0,1,0,0,Red Bull Racing Renault,26,vettel,1,5,3,3,3.666666667,2.00,2.00,2.00,20.43457031,31,9.778320313,6,2,0,1,0,7.0
2014,12,belgium,0,0,0,0,0,0,0,0,1,0,0,Red Bull Racing Renault,26,vettel,1,11,22,13,15.33333333,3.00,3.00,3.00,25.71728516,35,7.889160156,10,3,0,1,0,5.0
2014,13,italy,0,0,0,0,0,0,0,0,1,0,0,Red Bull Racing Renault,26,vettel,1,6,7,6,6.333333333,8.00,8.00,8.00,30.35864258,18,8.944580078,8,1,0,1,0,6.0
2014,14,singapore,0,0,0,0,0,0,0,0,1,0,0,Red Bull Racing Renault,26,vettel,0,4,5,5,4.666666667,4.00,4.00,4.00,24.17932129,33,8.472290039,18,2,0,1,1,2.0
2014,15,japan,0,0,0,0,0,0,0,0,1,0,0,Red Bull Racing Renault,26,vettel,1,9,5,15,9.666666667,9.00,9.00,9.00,28.58966064,27,13.23614502,15,3,0,1,1,3.0
2014,16,russia,0,0,0,0,0,0,0,0,1,0,0,Red Bull Racing Renault,26,vettel,0,14,9,10,11,11.00,10.00,10.50,27.79483032,10,14.11807251,4,1,0,1,0,8.0
2014,17,unitedstates,0,0,0,0,0,0,0,0,1,0,0,Red Bull Racing Renault,26,vettel,1,7,18,18,14.33333333,17.00,18.00,17.50,18.89741516,21,9.059036255,6,4,0,1,0,7.0
2014,18,brazil,0,0,0,0,0,0,0,0,1,0,0,Red Bull Racing Renault,26,vettel,1,14,9,11,11.33333333,6.00,6.00,6.00,19.94870758,10,7.529518127,10,3,0,1,0,5.0
2014,19,abudhabi,0,0,0,0,0,0,0,0,1,0,0,Red Bull Racing Renault,26,vettel,0,4,4,5,4.333333333,20.00,20.00,20.00,14.97435379,16,8.764759064,4,2,0,1,0,8.0
